Name	Splint	5.0:16.AC.NNNNNNNNNN.TC	3.0:16.AT.NNNNNNNNNN.GT
Sample1	UMI_Splint_1	ATGGCCGACT	TGAACGTTGT
Sample2	UMI_Splint_1	AGGCACCTTC	GAGCCAAGTT
Sample3	UMI_Splint_1	AGCCATAACA	TGCATAGCTT
Sample4	UMI_Splint_1	CATTCTTGGA	CACTGCTATT
Sample5	UMI_Splint_1	GCCAGTCGTT	GATTGAGTTC
Sample6	UMI_Splint_1	AGAATTCTGG	AGGCCTACAT
Sample7	UMI_Splint_1	TTGTAGAAGG	AGGATGTCCA
Sample8	UMI_Splint_1	CGTCTAAGGT	CCTCGGAATG
Sample9	UMI_Splint_1	CGCTCGTTAG	ATGACTCGAA
Sample10	UMI_Splint_1	GTTGAGATTC	ACGTTGACTC
Sample11	UMI_Splint_1	ATGGAATGGA	CCTCCATTAA
Sample12	UMI_Splint_1	TTGTACTCCA	CTGATGATCT
Sample13	UMI_Splint_1	CGATGAGCAC	ACCAGACTTG
Sample14	UMI_Splint_1	CTGTTGGTAA	AAGGCCGTAG